{
  "type" : [ "VerifiableCredential", "VerifiableAttestation", "VerifiableDiploma" ],
  "@context" : [ "https://www.w3.org/2018/credentials/v1", "https://w3id.org/security/suites/jws-2020/v1" ],
  "id" : "urn:uuid:782904da-8c97-4110-b10b-c28c634782f6",
  "issuer": {
    "id": "did:key:z6MkrFtzYS5RW748vvAjARZ4CYjBMveV9LYfSAFov439Bm8Z",
    "image": {
      "id": "https://github-production-user-asset-6210df.s3.amazonaws.com/48290617/271009456-e648a671-916d-44a2-a6d0-129918bb27db.png",
      "type": "Image"
    },
    "name": "Walt.id Portal"
  },
  "issuanceDate" : "2023-09-28T07:11:25Z",
  "issued" : "2023-09-28T07:11:25Z",
  "validFrom" : "2023-09-28T07:11:25Z",
  "expirationDate" : "2022-08-31T00:00:00Z",
  "credentialSchema" : {
    "id" : "https://raw.githubusercontent.com/walt-id/waltid-ssikit-vclib/master/src/test/resources/schemas/VerifiableDiploma.json",
    "type" : "JsonSchemaValidator2018"
  },
  "credentialSubject" : {
    "id" : "did:key:z6MkrFtzYS5RW748vvAjARZ4CYjBMveV9LYfSAFov439Bm8Z",
    "awardingOpportunity" : {
      "awardingBody" : {
        "eidasLegalIdentifier" : "Unknown",
        "homepage" : "https://leaston.bcdiploma.com/",
        "id" : "did:ebsi:2A9BZ9SUe6BatacSpvs1V5CdjHvLpQ7bEsi2Jb6LdHKnQxaN",
        "preferredName" : "Leaston University",
        "registration" : "0597065J"
      },
      "endedAtTime" : "2020-06-26T00:00:00Z",
      "id" : "https://leaston.bcdiploma.com/law-economics-management#AwardingOpportunity",
      "identifier" : "https://certificate-demo.bcdiploma.com/check/87ED2F2270E6C41456E94B86B9D9115B4E35BCCAD200A49B846592C14F79C86BV1Fnbllta0NZTnJkR3lDWlRmTDlSRUJEVFZISmNmYzJhUU5sZUJ5Z2FJSHpWbmZZ",
      "location" : "FRANCE",
      "startedAtTime" : "2019-09-02T00:00:00Z"
    },
    "dateOfBirth" : "1993-04-08",
    "familyName" : "DOE",
    "givenNames" : "Jane",
    "gradingScheme" : {
      "id" : "https://leaston.bcdiploma.com/law-economics-management#GradingScheme",
      "title" : "Lower Second-Class Honours"
    },
    "identifier" : "0904008084H",
    "learningAchievement" : {
      "additionalNote" : [ "DISTRIBUTION MANAGEMENT" ],
      "description" : "MARKETING AND SALES",
      "id" : "https://leaston.bcdiploma.com/law-economics-management#LearningAchievment",
      "title" : "MASTERS LAW, ECONOMICS AND MANAGEMENT"
    },
    "learningSpecification" : {
      "ectsCreditPoints" : 120,
      "eqfLevel" : 7,
      "id" : "https://leaston.bcdiploma.com/law-economics-management#LearningSpecification",
      "iscedfCode" : [ "7" ],
      "nqfLevel" : [ "7" ]
    },
    "firstName" : "Severin"
  },
  "credentialStatus" : {
    "id" : "https://essif.europa.eu/status/education#higherEducation#392ac7f6-399a-437b-a268-4691ead8f176",
    "type" : "CredentialStatusList2020"
  },
  "evidence" : {
    "documentPresence" : [ "Physical" ],
    "evidenceDocument" : [ "Passport" ],
    "id" : "https://essif.europa.eu/tsr-va/evidence/f2aeec97-fc0d-42bf-8ca7-0548192d5678",
    "subjectPresence" : "Physical",
    "type" : [ "DocumentVerification" ],
    "verifier" : "did:ebsi:2962fb784df61baa267c8132497539f8c674b37c1244a7a"
  }
}

