<component name="ProjectRunConfigurationManager">
  <configuration default="false" name="Issuer" type="JetRunConfigurationType">
    <option name="ALTERNATIVE_JRE_PATH" value="17" />
    <option name="ALTERNATIVE_JRE_PATH_ENABLED" value="true" />
    <option name="MAIN_CLASS_NAME" value="id.walt.issuer.MainKt" />
    <module name="waltid-identity.waltid-services.waltid-issuer-api.main" />
    <option name="PROGRAM_PARAMETERS" value="-l trace" />
    <shortenClasspath name="ARGS_FILE" />
    <option name="WORKING_DIRECTORY" value="$PROJECT_DIR$/waltid-services/waltid-issuer-api" />
    <method v="2">
      <option name="Make" enabled="true" />
    </method>
  </configuration>
</component>