<component name="ProjectRunConfigurationManager">
  <configuration default="false" name="Web wallet backend" type="JetRunConfigurationType">
    <option name="ALTERNATIVE_JRE_PATH" value="21" />
    <option name="ALTERNATIVE_JRE_PATH_ENABLED" value="true" />
    <option name="MAIN_CLASS_NAME" value="id.walt.webwallet.MainKt" />
    <module name="waltid-identity.waltid-services.waltid-wallet-api.main" />
    <option name="PROGRAM_PARAMETERS" value="--logLevel=trace" />
    <shortenClasspath name="NONE" />
    <option name="WORKING_DIRECTORY" value="$PROJECT_DIR$/waltid-services/waltid-wallet-api" />
    <method v="2">
      <option name="Make" enabled="true" />
    </method>
  </configuration>
</component>