{
  "@context": [
    "https://www.w3.org/2018/credentials/v1",
    "https://purl.imsglobal.org/spec/ob/v3p0/context.json"
  ],
  "id": "urn:uuid:123",
  "type": [
    "VerifiableCredential",
    "OpenBadgeCredential"
  ],
  "nome": "JFF x vc-edu PlugFest 3 Interoperability",
  "issuer": {
    "type": [
      "Profile"
    ],
    "id": "did:example:123",
    "name": "Jobs for the Future (JFF)",
    "url": "https://www.jff.org/",
    "image": {
      "id": "https://w3c-ccg.github.io/vc-ed/plugfest-1-2022/images/JFF_LogoLockup.png",
      "type": "Image"
    }
  },
  "issuanceDate": "2023-07-20T07:05:44Z",
  "expirationDate": "2033-07-20T07:05:44Z",
  "credentialSubject": {
    "id": "did:example:123",
    "type": [
      "AchievementSubject"
    ],
    "achievement": {
      "id": "urn:uuid:ac254bd5-8fad-4bb1-9d29-efd938536926",
      "type": [
        "Achievement"
      ],
      "name": "JFF x vc-edu PlugFest 3 Interoperability",
      "description": "This wallet supports the use of W3C Verifiable Credentials and has demonstrated interoperability during the presentation request workflow during JFF x VC-EDU PlugFest 3.",
      "criteria": {
        "type": "Criteria",
        "narrative": "Wallet solutions providers earned this badge by demonstrating interoperability during the presentation request workflow. This includes successfully receiving a presentation request, allowing the holder to select at least two types of verifiable credentials to create a verifiable presentation, returning the presentation to the requestor, and passing verification of the presentation and the included credentials."
      },
      "image": {
        "id": "https://w3c-ccg.github.io/vc-ed/plugfest-3-2023/images/JFF-VC-EDU-PLUGFEST3-badge-image.png",
        "type": "Image"
      }
    }
  },
  "credentialSchema": {
    "id": "https://purl.imsglobal.org/spec/ob/v3p0/schema/json/ob_v3p0_achievementcredential_schema.json",
    "type": "FullJsonSchemaValidator2021"
  }
}
